id,collection,dc.contributor.author,dc.contributor.author[],dc.description.abstract,dc.description.abstract[],dc.description.abstract[id],dc.description.provenance[en],dc.description.sponsorship,dc.description.sponsorship[],dc.identifier.uri,dc.identifier.uri[],dc.language.iso,dc.language.iso[],dc.language.iso[id],dc.publisher[id],dc.subject.ddc[id],dc.subject.keyword[id],dc.title.alternative,dc.title.alternative[],dc.title[id],dc.type,dc.type[],dc.type[id]
"27bbed94-4243-477e-b3d2-b803e67c06d6","123456789/89",,"Akbari, Deni Adha",,"Understanding the differential impact of human and AI-Reface endorsers in digital advertising is crucial for optimizing marketing strategies in an increasingly digital landscape. With the proliferation of AI technologies, advertisers are keen to explore how AI-generated faces compare to human endorsers in terms of capturing attention, enhancing brand recall, and influencing purchasing decisions. This research, focusing on Shopee's video advertisements featuring both human and AI-Reface endorsers, delves into consumer engagement patterns and the effectiveness of these endorsers. By employing advanced techniques like eye tracking, visual tagging, and post-exposure surveys, the study provides comprehensive insights into how different demographic groups respond to these endorsements, ultimately guiding more effective advertising strategies.
The study employed a robust methodology, leveraging eye tracking, visual tagging, and post-exposure surveys to gather quantitative and qualitative data on viewer engagement and perception. Mixed respondent groups, segmented by gender, were exposed to Shopee video advertisements featuring either a human endorser (Melody Nurramdhani Laksani) or an AI-Reface endorser (Prilly Latuconsina). Eye tracking technology measured where and how long viewers focused on specific elements within the ads, while visual tagging allowed respondents to actively indicate which elements captured their attention. Post-exposure surveys provided deeper insights into viewers' perceptions of brand elements, endorsers, and promotional content, as well as their likelihood to purchase the advertised products. Data was processed and analyzed to identify patterns and differences in engagement and recall between the human and AI-Reface endorser videos across different respondent groups.
The analysis revealed nuanced differences in how viewers engaged with the brand, endorser, and promotional elements in the videos. Eye tracking and visual tagging data showed that both endorsers effectively captured viewer attention, with slight variations in engagement levels. Human endorsers garnered slightly higher attention in specific scenes, but AI-Reface endorsers were also highly effective, indicating their potential as viable alternatives. Promotional elements consistently attracted the highest viewer engagement, underscoring their importance in digital advertising. Brand elements, while crucial for recall, received less immediate attention, suggesting a need for more integrated branding strategies.
Post-exposure surveys highlighted that both human and AI-Reface endorsers positively influenced brand perception and recall. However, the human endorser slightly edged out the AI-Reface endorser in terms of influencing purchase decisions, possibly due to the inherent trust and relatability associated with human faces. These findings suggest that while AI-Reface endorsers are almost as effective as human endorsers, the latter's slight advantage in driving purchase intent could be leveraged more strategically. The results also indicated that the visibility and prominence of brand elements could be enhanced to improve overall ad effectiveness.
To maximize the effectiveness of digital advertisements, a balanced approach that integrates the strengths of both human and AI-Reface endorsers is recommended. Advertisers should continue utilizing human endorsers for their relatability and trust-building attributes, particularly in campaigns aimed at directly influencing purchase decisions. However, AI-Reface endorsers can be strategically employed in scenarios where scalability and cost-efficiency are paramount, without significantly compromising engagement and brand perception.
Promotional content should remain a focal point in ad design, given its high engagement levels. Enhancing the visibility and prominence of brand elements, possibly by integrating them more seamlessly into the narrative or visual flow of the advertisement, can improve brand recall and overall ad impact. Additionally, leveraging the unique attributes of AI technology to create personalized and contextually relevant ad experiences could further enhance engagement and effectiveness.
From a managerial perspective, the findings of this study offer several actionable insights for optimizing digital advertising strategies. Integrating human and AI-Reface endorsers into a cohesive advertising framework can provide flexibility and efficiency in campaign planning and execution. Marketing managers should consider employing AI-Reface endorsers in cost-sensitive campaigns or when targeting tech-savvy demographics who may appreciate the novelty of AI technology. Human endorsers, meanwhile, should be reserved for high-stakes campaigns where building trust and emotional connection is crucial.
Investing in advanced analytics tools such as eye tracking and visual tagging can provide invaluable data on consumer behavior, allowing for more precise and effective ad targeting. Ensuring that promotional content is not only visually appealing but also strategically placed within the ad can significantly boost viewer engagement and recall. Lastly, continually monitoring and analyzing the performance of different ad elements can help refine strategies and improve ROI, ultimately driving better business outcomes.||||Memahami dampak diferensial dari pengiklan manusia dan AI-Reface dalam periklanan digital sangat penting untuk mengoptimalkan strategi pemasaran dalam lanskap digital yang semakin berkembang. Dengan berkembangnya teknologi AI, pengiklan tertarik untuk mengeksplorasi bagaimana wajah yang dihasilkan AI dibandingkan dengan pengiklan manusia dalam hal menangkap perhatian, meningkatkan ingatan merek, dan mempengaruhi keputusan pembelian. Penelitian ini, yang berfokus pada iklan video Shopee yang menampilkan pengiklan manusia dan AI-Reface, menggali pola keterlibatan konsumen dan efektivitas pengiklan ini. Dengan menggunakan teknik lanjutan seperti pelacakan mata, penandaan visual, dan survei pasca paparan, studi ini memberikan wawasan komprehensif tentang bagaimana berbagai kelompok demografis merespons pengesahan ini, pada akhirnya membimbing strategi periklanan yang lebih efektif. Penelitian ini menggunakan metodologi yang kuat, memanfaatkan pelacakan mata, penandaan visual, dan survei pasca paparan untuk mengumpulkan data kuantitatif dan kualitatif tentang keterlibatan dan persepsi penonton. Kelompok responden campuran, yang disegmentasi berdasarkan gender, terpapar pada iklan video Shopee yang menampilkan pengiklan manusia (Melody Nurramdhani Laksani) atau pengiklan AI-Reface (Prilly Latuconsina). Teknologi pelacakan mata mengukur di mana dan berapa lama penonton fokus pada elemen tertentu dalam iklan, sementara penandaan visual memungkinkan responden untuk secara aktif menunjukkan elemen mana yang menarik perhatian mereka. Survei pasca paparan memberikan wawasan lebih dalam tentang persepsi penonton terhadap elemen merek, pengiklan, dan konten promosi, serta kemungkinan mereka untuk membeli produk yang diiklankan. Data diproses dan dianalisis untuk mengidentifikasi pola dan perbedaan dalam keterlibatan dan ingatan antara video pengiklan manusia dan AI-Reface di berbagai kelompok responden. Analisis mengungkapkan perbedaan nuansa dalam cara penonton berinteraksi dengan merek, pengiklan, dan elemen promosi dalam video. Data pelacakan mata dan penandaan visual menunjukkan bahwa kedua pengiklan secara efektif menarik perhatian penonton, dengan variasi tingkat keterlibatan yang sedikit. Pengiklan manusia mendapatkan perhatian yang sedikit lebih tinggi dalam adegan tertentu, tetapi pengiklan AI-Reface juga sangat efektif, menunjukkan potensi mereka sebagai alternatif yang layak. Elemen promosi secara konsisten menarik keterlibatan penonton tertinggi, menekankan pentingnya dalam periklanan digital. Elemen merek, meskipun penting untuk ingatan, menerima perhatian yang kurang segera, menunjukkan kebutuhan akan strategi branding yang lebih terintegrasi. ..",,"Submitted by User Admin Repository IPB (master-repository@apps.ipb.ac.id) on 2024-07-11T01:06:38Z
No. of bitstreams: 0||Made available in DSpace on 2024-07-11T01:06:38Z (GMT). No. of bitstreams: 0
  Previous issue date: 2024",,"",,"http://repository.ipb.ac.id/handle/123456789/153486",,"id",,"IPB University",,"Intelligence||Brand||Endorser||Neuromarketing||Promotion||AI-Reface||Artificial",,"Comparing Visual Attention, AI-Reface, and Human Endorsers in Video Advertising: Heatmaps and Tagging Analysis","Membandingkan Perhatian Visual Antara Endorser AI-Reface dan Endorser Manusia dalam Iklan Video: Analisis Heatmaps dan Tagging",,"Disertasi",
"2a1e01a9-3b4d-4ce9-8989-08b9d7612eae","123456789/89","Subowo, Eko",,,,"Investasi swasta merupakan bagian sumber pembiayaan pembangunan yang penting di tengah keterbatasan Anggaran Pendapatan dan Belanja Negara (APBN). Target pemerintah saat ini adalah membangun kemudahan berusaha dan iklim investasi di Daerah. Indonesia saat ini berada pada peringkat 73 dalam ease of doing business berdasarkan indeks World Bank Group tahun 2019. Kondisi tersebut jauh di bawah negara tetangga Singapura, Malaysia, dan Thailand. Berbagai upaya membangun iklim berusaha telah dilakukan, salah satunya melalui perbaikan pelayanan perizinan. Perizinan diartikan sebagai kewenangan pemerintah yang diberikan kepada individu/kelompok yang akan melaksanakan kegiatan tertentu sebagai bagian dari proses pengawasan dan pengendalian dalam mekanisme administrasi. Hal ini menunjukkan bahwa pemerintah memegang peranan penting dalam menciptakan sistem perizinan yang secara administrasi dapat mendukung perkembangan iklim berusaha, dan sekaligus dalam rangka mewujudkan good governance dalam sektor pelayanan publik. Penelitian ini dilakukan dengan tujuan untuk (1) menganalisis situasi organisasi dan pelaksanaan perizinan investasi saat ini; (2) menganalisis peta regulasi dan implementasinya terhadap perizinan investasi; (3) mengembangkan model konseptual perizinan investasi terintegrasi; dan (4) merancang strategi penerapan model perizinan investasi terintegrasi. Metode yang digunakan dalam penelitian ini adalah Analisis Situasional, Regulatory Mapping, Soft System Methodology (SSM), Regulatory Impact Analysis (RIA) dan Analytical Hierarchy Process (AHP). Hasil penelitian yang diperoleh dari 230 sampel DPMPTSP seluruh Indonesia dan responden pakar melalui penyebaran kuesioner, Focus Group Discussion (FGD), dan in-depth interview diketahui bahwa pelayanan perizinan masih jauh dari kondisi ideal, sebagaimana diharapkan pemerintah. Pembentukan Dinas Penanaman Modal Pelayanan Terpadu Satu Pintu (DPMPTSP) belum sepenuhnya mampu memperkuat hubungan antara pelayanan perizinan dan peningkatan penanaman modal/investasi. Berdasarkan data pokok Kementerian Dalam Negeri Tahun 2018 diketahui bahwa baru 79.70% Kepala Daerah yang telah mendelegasikan seluruh kewenangan perizinan dan nonperizinan secara penuh kepada DPMPTSP sebagaimana ditentukan. Memperhatikan sisi nomenklaturnya, 70% daerah telah membentuk nomenklatur DPMPTSP sesuai Permendagri Nomor 138 Tahun 2017. Dilihat dari tipe struktur organisasi DPMPTSP ditemukan bahwa 32.17% Tipe A, 35.78% Tipe B, 25.22% Tipe C dan 7.83% lainnya. Sentralisasi kewenangan Kepala Daerah atas beberapa jenis izin menghambat proses pelayanan DPMPTSP. Kewenangan beberapa jenis perizinan yang bersifat sektoral juga masih belum diserahkan kepada DPMPTSP, sebagian masih dipegang oleh Kepala Daerah dan Dinas Teknis. Permasalahan pendelegasian kewenangan oleh Kepala Daerah menjadikan peran DPMPTSP belum optimal menjalankan fungsinya sebagai One Stop Service.
Ekspektasi pelayanan perizinan yang mudah bagi pelaku usaha juga belum terpenuhi. Permasalahan mekanisme yang berbelit-belit, sistem aplikasi elektronik yang belum optimal, sarana prasarana yang tidak memadai, dan sumber daya manusia yang kurang baik dari segi jumlah (kuantitatif) maupun mutu (kualitatif) menjadi masalah yang masih ditemui pelaku usaha. Dalam penyelenggaraan proses pelayanan perizinan saat ini DPMPTSP masih banyak tergantung kepada Dinas Teknis terkait penerbitan rekomendasi teknis. Penempatan tim teknis dari Dinas Teknis ke DPMPTSP kondisinya saat ini 45.91% tidak bertempat dan tidak berkantor di DPMPTSP, melainkan masih berkantor di Dinas Teknis masing-masing.Berdasarkan hasil Regulatory Mapping diketahui bahwa terdapat 12 Undang-Undang, 4 Peraturan Pemerintah, 4 Peraturan Presiden, 26 Peraturan Menteri/Kepala Lembaga yang mengatur pelayanan perizinan di Indonesia. Analisis pemetaan regulasi menghasilkan temuan permasalahan baik pada peraturan di tingkat pusat maupun daerah yaitu: (1) regulasi yang tumpang tindih dan bertabrakan; (2) perizinan belum memiliki Norma, Standar, Prosedur, Kriteria (NSPK); (3) NSPK tidak sesuai dengan prinsip integrasi; (4) Peraturan Daerah belum menyesuaikan dengan NSPK atau peraturan pusat, terutama mengenai kelembagaan pelayanan perizinan. Hasil analisis di atas kemudian diolah melalui 6 tahapan Soft System Methodology (SSM), menghasilkan model konseptual yang meliputi (1) evaluasi regulasi; (2) perbaikan mekanisme pelayanan; dan (3) peningkatan kualitas Sumber Daya Manusia (SDM). Model yang dibangun menguraikan keterkaitan antar variabel, aktor, faktor dan langkah-langkahnya; serta sekaligus menggambarkannya secara diagramatis dalam bentuk dekomposisi tiga submodel maupun dalam bentuk satu model menyeluruh secara terintegrasi. Dalam upaya merancang strategi penerapan model perizinan investasi terintegrasi dilakukan melalui Analytical Hierarchy Process (AHP). Hasil AHP menunjukkan bahwa dari ketiga sub model konseptual diketahui bahwa prioritas pertama adalah evaluasi regulasi dengan nilai bobot 0.539; prioritas kedua adalah perbaikan mekanisme pelayanan dengan nilai bobot 0.244; dan prioritas ketiga adalah peningkatkan kualitas SDM dengan nilai bobot 0.217. Strategi penerapan model pada sub model evaluasi regulasi mengarah pada perlunya penyusunan format (template) NSPK dan penerbitan omnibus law berupa Peraturan Pemerintah Pengganti Undang-Undang (Perppu). Strategi penerapan model pada sub model perbaikan mekanisme pelayanan dilakukan melalui penguatan kelembagaan dan perbaikan sistem Online Single Submission (OSS). Strategi untuk sub model peningkatan kualitas SDM dilakukan dengan peningkatan kompetensi SDM operasional melalui pendidikan dan pelatihan serta perbaikan pola mutasi dan promosi personil, sedangkan SDM Kepala Daerah (pengambil keputusan) melalui mekanisme pembinaan dan pengawasan serta bimbingan teknis. Disamping itu, diperlukan juga affirmative policy berupa talent pooling dan pemenuhan persyaratan jabatan secara sistematis. Hasil validasi model menunjukkan bahwa model pelayanan perizinan investasi terintegrasi dapat diimplementasikan. Kata","Submitted by Didin Mulyadi (didinmu@ipb.ac.id) on 2020-01-27T07:07:59Z
No. of bitstreams: 1
2019esu.pdf: 5087775 bytes, checksum: 860ae3b9fe51de603f89ebd5a2c69283 (MD5)||Made available in DSpace on 2020-01-27T07:07:59Z (GMT). No. of bitstreams: 1
2019esu.pdf: 5087775 bytes, checksum: 860ae3b9fe51de603f89ebd5a2c69283 (MD5)
  Previous issue date: 2019",,,"http://repository.ipb.ac.id/handle/123456789/101363",,,,"id","IPB University","Management||Business","analytical hierarchy process (AHP)||soft system methodology (SSM)||investasi||pelayanan perizinan",,,"Rancang Bangun Model Pelayanan Perizinan Investasi Terintegrasi",,,"Dissertation"
"448eb072-a2a6-422f-af3b-fc02ff980402","123456789/89",,"Hartono, Imam",,"Kinerja berkelanjutan merupakan suatu kondisi yang dibutuhkan oleh semua organisasi baik yang menghasilkan barang atau jasa, baik organisasi swasta atau organisasi publik. Menghadapi tantangan yang sangat besar dan masa depan yang lebih tidak stabil, tidak pasti, kompleks dan ambigu, mengharuskan bank sentral melakukan adaptasi dengan cepat agar dapat melakukan perannya dengan baik. Bank sentral sebagai policy maker harus merespon dengan kebijakan yang terarah, terukur dan adaptif.
Perubahan lingkungan strategis telah mendorong Bank Indonesia (BI), Bank Sentral Republik Indonesia, menetapkan visi baru yaitu menjadi bank sentral digital terdepan dengan tata kelola kuat yang berkontribusi nyata terhadap perekonomian nasional dan terbaik di antara negara emerging markets untuk Indonesia Maju. Saat ini BI melakukan transformasi kebijakan dan kelembagaan secara menyeluruh. Transformasi kelembagaan BI mencakup penguatan organisasi dan proses kerja, SDM dan budaya kerja, serta digitalisasi. Manajemen talenta BI menjadi faktor kritikal dalam rangka menyiapkan talenta terbaik yang akan menjadi pimpinan BI di masa depan.
Manajemen talenta di BI dilakukan melalui pola talent pool dengan memilih pegawai yang termasuk dalam kelompok pegawai potensial dan dikembangkan dalam rangka menduduki jabatan tertentu.		Hasil evaluasi atas pelaksanaan manajemen	talenta	di	BI	menunjukkan	terdapat	ruang	untuk	perbaikan implementasi manajemen talenta. Berdasarkan hasil survei employee engagement dan exit interview yang dilakukan per 2020-2022 masih dijumpai adanya keluhan pegawai terkait jenjang karir yang panjang, workload kerja yang tinggi, fleksibilitas kerja belum optimal, penilaian kinerja yang rigid, komunikasi atasan dengan bawahan yang belum sepenuhnya optimal, dan belum optimalnya work-life balance. Beberapa studi menunjukkan adanya faktor-faktor dari intern organisasi sebagai peubah lain yang dapat berperan menjadi peubah antara dari pengelolaan SDM atau manajemen talenta dan kinerja organisasi antara lain leadership, iklim organisasi, budaya organisasi, inovasi dan kapabilitas organisasi, employee engagement, dan komitmen organisasi. Dengan demikian penting untuk mengkaji strategi manajemen talenta yang tepat dengan memahami peran peubah antara yang
memengaruhi agar mengarah pada hasil organisasi yang diinginkan.
Tujuan penelitian ini adalah untuk 1) menganalisis karakteristik demografi talenta bank sentral, 2) menganalisis hubungan peran manajemen talenta, transformational leadership, employee engagement, iklim organisasi, komitmen organisasi, dan kinerja talenta terhadap kinerja Bank Sentral, 3) memformulasikan pengembangan strategi manajemen talenta untuk mempersiapkan kepemimpinan masa depan di bank sentral.
Penelitian ini dilaksanakan di BI, meliputi kantor pusat dan kantor perwakilan dengan waktu pengumpulan dan analisis data mulai dari bulan November 2023 sampai Januari 2024. Penelitian dilakukan terhadap 600 contoh pegawai di 30 satuan kerja di kantor pusat, 46 kantor perwakilan dalam negeri dan 5 kantor
 


perwakilan luar negeri. Metodologi penelitian menggunakan pendekatan campuran (mixed method) kualitatif dan kuantitatif. Data yang digunakan dalam penelitian ini adalah data primer dan sekunder. Data primer diperoleh dari responden terpilih langsung melalui kuesioner dan wawancara. Data sekunder diperoleh dari studi pustaka serta data internal dan eksternal BI. Wawancara mendalam dengan responden pakar dilakukan terhadap pihak-pihak yang ahli, berkompeten dan memahami pengelolaan SDM dan manajemen talenta, baik dari internal maupun eksternal BI. Pelaksanaan in-depth interview dilakukan dari bulan Februari sampai Maret 2024. Analisis deskriptif dalam penelitian ini terdiri dari dua tahap yaitu: (1) melakukan analisis data secara eksploratif untuk mendapatkan gambaran secara rinci mengenai persepsi pegawai dan (2) melakukan analisis deskriptif dengan pengelompokan dan modus/median (statistic modus/median). Analisis chi-square digunakan untuk menunjukkan hubungan antara profil responden terhadap indikator penelitian dari peubah employee engagement, employee performance dan organizational performance. Analisis kausalitas SEM digunakan untuk menganalisis pengaruh pengelolaan SDM berbasis talenta, kepemimpinan transformasional, iklim organisasi, employee engagement, kinerja pegawai, komitmen organisasi, dan kinerja organisasi. Analisis pendekatan Fuzzy AHP digunakan untuk menyusun pengembangan strategi manajemen talenta untuk mempersiapkan kepemimpinan masa depan di bank sentral.
Hasil penelitian dengan analisis deskriptif menunjukkan adanya hubungan yang signifikan antara beberapa karakteristik pegawai berupa generasi, pangkat, masa kerja, usia, status kepegawaian, sektor dengan employee engagement, employee performance dan organizational performance. Manajemen talenta memiliki pengaruh positif pada kinerja pegawai melalui iklim organisasi yang positif, employee engagement, dan komitmen organisasi, serta dipengaruhi oleh gaya kepemimpinan yang transformasional yang mendukung manajemen talenta dan peningkatan kinerja pegawai dan kinerja organisasi. Hasil penelitian dengan Fuzzy AHP menunjukkan bahwa manajemen BI harus mampu merancang model kebijakan suksesi kepemimpinan dengan mempertimbangkan faktor kebijakan organisasi. Aktor yang diprioritaskan adalah Dewan Gubernur BI. Sementara tujuan implisit yang ingin dicapai dari strategi (goal) adalah terpenuhinya kebutuhan organisasi dengan menetapkan perencanaan suksesi kepemimpinan.
Penelitian ini memiliki implikasi manajerial yaitu: (1) Bank sentral dapat mengembangkan strategi manajemen talenta yang disinergikan dengan karakteristik profil talenta; (2) Bank sentral dapat mengembangkan model manajemen talenta yang terintegrasi dalam rangka meningkatkan kinerja organisasi; (3) Bank sentral dapat mendorong iklim organisasi, employee engagement dan komitmen organisasi sebagai faktor yang mendukung peningkatan kinerja pegawai menuju peningkatan kinerja organisasi; (4) Bank sentral dapat melakukan transformasi dalam manajemen talenta melalui kebijakan suksesi kepemimpinan dalam memenuhi kebutuhan organisasi.||Sustainable performance is an essential requirement for all types of organizations, regardless of their focus on goods or services, and irrespective of being privately or publicly operated. Currently, central banks are particularly challenged by an increasingly volatile, uncertain, complex, and ambiguous future, necessitating swift adaptations through well-conceived proposals. As pivotal policymakers, central banks are urged to develop responsive, quantifiable, and flexible strategies.
In response to shifts in environmental strategy, Bank Indonesia (BI), the nation’s central bank, has embarked on an ambitious agenda to emerge as a digital front-runner in central banking. This goal is underpinned by robust governance aimed at significantly enhancing the national economy, setting a standard for emerging markets towards progressing Indonesia. This vision predicates upon an extensive transformation in policy and institutional frameworks, incorporating organizational strengthening, procedure refinement, human resource enhancement, cultural development, and comprehensive digitalization. Talent management emerges as a crucial facet in grooming future leaders for BI.
Talent management within BI operates through a methodical selection process within a predefined 'talent pool', earmarking potential candidates for strategic development aligned with specific roles. Despite these efforts, recent evaluations (2020-2022) from employee engagement and exit interviews highlight areas for improvement in talent management, identifying issues such as prolonged career progression, excessive workloads, limited flexibility, rigid performance evaluations, inadequate superior-subordinate communication, and an imbalance between work and life.
Research indicates several internal organizational factors - including leadership style, organizational climate and culture, innovations, employee involvement, and organizational commitment - play significant roles affecting human resources and organizational performance. Therefore, understanding these influencing variables is vital for developing effective talent management strategies to achieve improved organizational outcomes.
This study aims to: 1) explore the demographic attributes of central bank talents, 2) examine the interplay between talent management practices, transformational leadership, employee engagement, organizational climate and commitment, and their collective impact on organizational performance, and 3) propose development of a talent management strategy to prepare future leadership at the central bank.
This research was carried out at Bank Indonesia, including the head office and representative offices, with data collection and analysis from November 2023 to January 2024. The research was conducted on 600 samples of employees in 30 work units at the head office, 45 domestic representative offices, and 5 representative offices abroad. The research methodology used a mixed qualitative and quantitative approach. The data used in this research are primary and secondary
 


data. Primary data was obtained from directly selected respondents through questionnaires and interviews. Secondary data was obtained from literature studies and BI's internal and external data. In-depth interviews with expert respondents were conducted with parties who are experts, competent, and understand HR management and talent management, both internal and external to BI. In-depth interviews were conducted from February to March 2024.
Descriptive analysis in this research consisted of two stages: (1) conducting exploratory data analysis to get a detailed picture of employee perceptions and (2) conducting descriptive analysis using grouping and mode/ median (mode/median statistics). Chi-square analysis was used to show the relationship between respondent profiles and research indicators of employee engagement, employee performance, and organizational performance. SEM causality analysis was used to analyze the relationship between talent-based HR management, transformational leadership, organizational climate, employee involvement, employee performance, organizational commitment, and organizational performance. The Fuzzy AHP approach analysis was used to develop a talent management strategy development to prepare future leadership at the central bank.The research results using descriptive analysis show that there is a significant relationship between several employee characteristics in the form of generation, rank, length of service, age, employment status, sector and employee engagement, employee performance and organizational performance. Talent management has a positive impact on employee performance through several intermediary factors such as positive organizational climate, employee engagement, and organizational commitment, and is influenced by a transformational leadership style that supports talent management and increases employee performance and organizational performance. The research results using Fuzzy AHP showed that BI management must be able to design a leadership succession policy model by considering organizational policy factors. The prioritized actor is the BI Board of Governors. Meanwhile, the implicit objective of the strategy (goal) is to fulfill organizational needs by establishing leadership succession planning
Managerially, these findings suggest that central banks could: 1) develop talent management strategies aligned with talent demographics, 2) conceive an integrated talent management framework to boost organizational performance, 3) foster a supportive organizational atmosphere, employee engagement, and commitment to enhance employee performance for organizational growth, and 4) innovate talent management through leadership succession planning to address organizational needs effectively.",,"Submitted by User Admin Repository IPB (master-repository@apps.ipb.ac.id) on 2024-08-07T01:01:34Z
No. of bitstreams: 0||Made available in DSpace on 2024-08-07T01:01:34Z (GMT). No. of bitstreams: 0
  Previous issue date: 2024",,"",,"http://repository.ipb.ac.id/handle/123456789/156395",,"id",,"IPB University",,"Kinerja pegawai||Manajemen Talenta||employee performance||Fuzzy AHP||Kinerja Organisasi||SEM||Organizational Performance||Talent Management",,"Talent Management Strategy Development for Future Leadership at the Central Bank","Pengembangan Strategi Manajemen Talenta untuk Mempersiapkan Kepemimpinan Masa Depan di Bank Sentral",,"Disertasi",
"5750dbf0-f9cf-4331-8ebd-eedc95a2e15a","123456789/89",,"Solihati, Garin Pratiwi",,"Berdasarkan Undang-Undang Nomor 10 tahun 1998 tentang Perbankan, bank dijelaskan sebagai badan usaha yang menghimpun dana dari masyarakat dalam bentuk simpanan dan menyalurkannya kepada masyarakat dalam bentuk kredit atau bentuk-bentuk lainnya untuk meningkatkan taraf hidup masyarakat. Bank syariah adalah bank yang beroperasi sesuai dengan prinsip syariah yang mengacu pada syariat Islam, dengan berpedoman utama kepada Alquran dan hadis.
Good Corporate Governance merupakan salah satu faktor yang juga dianggap mampu mempengaruhi kesehatan perbankan. Dalam menjalankan strategi-strategi bisnis yang sudah direncanakan oleh perusahaan guna meningkatkan kinerja perlu sekali perusahaan memiliki tata kelola yang baik. Kinerja keuangan bank dapat memengaruhi kepercayaan masyarakat, yang cenderung memilih bank dengan kredibilitas dan tingkat keuntungan yang besar. Tetapi pada kenyataannya walaupun sudah menjalankan tata kelola perusahaan dengan baik tetapi tidak diikuti oleh kondisi kesehatan yang baik pula. Tujuan dari penelitian ini yaitu 1) Untuk menganalisis faktor-faktor internal (Good Corporate Governance (GCG), Islamic Corporate Social Responsibility (ICSR), Zakat, Syariah Governace (SG), Syariah Compliance (SC) dalam memprediksi kesehatan bank syariah secara lebih baik. 2) Untuk menganalisis faktor-faktor Eksternal (Kurs, SWBI, Inflasi dan GDP ) dalam memprediksi kesehatan bank umum syariah secara lebih baik. 3)Untuk menganalisis faktor-faktor Internal (Good Corporate Governance (GCG)), Islamic Corporate Social Responsibility (ICSR), Zakat, Syariah Governace (SG), Syariah Compliance (SC) dan Eksternal (Kurs, SWBI, Inflasi dan GDP ) dalam memprediksi kesehatan bank umum syariah secara lebih baik.
Penelitian ini dilakukan di Jakarta dengan pendekatan deskriptif kuantitatif dengan menggunakan sampel 14 bank syariah di Indonesia dengan parameter internal meliputi GCG, ICSR, Zakat, Syariah Governance, Syariah Compliance sebagai parameter external meliputi Kurs, SWBI, Inflasi dan GDP, metode pengolahan data menggunakan Jaringan Saraf Tiruan (JST) . Pengembangan model JST dilakukan dengan menentukan nilai terbaik untuk beberapa parameter model. Parameter model tersebut antara lain random state, Learning Rate initial, momentum, dan hidden layer sizes. Parameter yang digunakan meliputi 3 (tiga ) model yaitu parameter internal, eksternal, internal dan eksternal.
Hasil dari Evaluasi Data Hasil JST Model 1(Satu), menunjukan R² dan RMSE, Parameter ROA (Returnn On Asset) dan CAR(Capital Adequancy Ratio) menunjukkan kinerja model terbaik dengan nilai R² 0,6316 dan 0,6265, dan RMSE yang relatif rendah sebesar 1,3269 dan 8,5499, merupakan Model yang cukup baik dalam menjelaskan variansi dan cukup akurat dalam prediksi.Nilai Bobot tertinggi pada Model 1 (satu) untuk Parameter ROA adalah kualifikasi pendidikan, Parameter ROE adalah Profit Share Ratio, Parameter FDR adalah Equitable Distribution Ratio, Parameter BOPO Equitable Distribution Ratio, Pamater NIM adalah Zakat, Parameter CAR adalah Profit Share Ratio, Parameter NPF adalah
 

ICSR.
Hasil dari Evaluasi Data Hasil JST Model 2 (dua) menunjukan R² dan
RMSE, Parameter FDR (Fund Deposit Ratio ) menujukan kinerja terbaik dengan R² sebesar 0,6402, tidak optimal tetapi lebih baik dibandingkan parameter-parameter lain, RMSE 10,3349 yang cukup tinggi. Nilai bobot tertinggi p a d a Model 2 (dua) untuk Parameter NPF adalah Gross Domestic Product, Parameter ROA adalah Gross Domestic Product, Parameter ROE adalah Gross Domestic Product, Parameter NIM adalah Kurs, Parameter BOPO adalah Gross Domestic Product, Parameter FDR adalah Kurs, Parameter CAR adalah Sertifikat wadiah bank indonesia
Hasil dari Evaluasi Data Hasil Prediksi Model JST Model 3 (tiga) menunjukan R² dan RMSE, Parameter ROA (Returnn On Asset) dan CAR (Capital Adequancy Ratio) memiliki kinerja model yang paling baik dengan nilai R² yang tinggi sebesar 0,7001 dan 0,7194, RMSE relatif rendah 2,1929 dan 9,0351, merupakan model yang cukup baik dalam menjelaskan variansi dan akurat dalam prediksi. Nilai Bobot tertinggi p a d a Model 3 (tiga) untuk Parameter NPF adalah Profit Sharing Ratio , Parameter ROA adalah Kurs, Parameter ROE adalah Kurs, Parameter NIM adalah GCG, Parameter BOPO adalah GCG, Parameter FDR adalah Profit Sharing Ratio , Parameter CAR adalah Kurs.||Based on Law Number 10 of 1998 concerning Banking, banks are described as business entities that collect funds from the public in the form of savings and distribute them to the public in the form of credit or other forms to improve people's living standards. Sharia banks are banks that operate in accordance with sharia principles which refer to Islamic law, with primary guidance on the Koran and hadith
Good Corporate Governance is one of the factors that is also considered capable of influencing banking health. In carrying out the business strategies that have been planned by the company to improve kinerjance, it is very important for the company to have good governance. Bank financial kinerjance can influence public trust, who tend to choose banks with credibility and high levels of profit. But in reality, even though they have implemented good corporate governance, they are not accompanied by good health conditions. The objectives of this research are 1) To analyze internal factors (Good Corporate Governance (GCG), Islamic Corporate Social Responsibility (ICSR), Zakat, Syariah Governace (SG), Syariah Compliance (SC) in better predicting the health of Islamic banks. 2) To analyze External factors (Exchange Rate, SWBI, Inflation and GDP) in better predicting the health of sharia commercial banks. 3) To analyze Internal factors (Good Corporate Governance (GCG)), Islamic Corporate Social Responsibility (ICSR), Zakat, Sharia Governance (SG), Sharia Compliance (SC) and External (Exchange Rate, SWBI, Inflation and GDP) in predict the health of sharia commercial banks better.
This research was conducted in Jakarta with a quantitative descriptive approach using a sample of 14 Islamic banks in Indonesia with internal parameters including GCG, ICSR, Zakat, Syariah Governance, Syariah Compliance as external parameters including Exchange Rate, SWBI, Inflation and GDP, data processing method using Neural Networks Artificial (ANN) . The development of the ANN model is carried out by determining the best values for several model parameters. The model parameters include random state, initial Learning Rate, momentum, and hidden layer sizes. The parameters used include 3 (three) strategies, namely internal, external, internal and external parameters.
The results of the Data Evaluation Results of JST Model 1 (One), show R² and RMSE, the ROA (Return On Asset) and CAR (Capital Adequancy Ratio) parameters show the best model performance with R² values of 0.6316 and 0.6265, and relatively RMSE low at 1.3269 and 8.5499, which is a model that is quite good at explaining variance and quite accurate in predictions. The highest weight value in Model 1 (one) for the ROA parameter is educational qualifications, the ROE parameter is Profit Share Ratio, the FDR parameter is Equitable Distribution Ratio, BOPO Parameter Equitable Distribution Ratio, NIM parameter is Zakat, CAR parameter is Profit Share Ratio, NPF parameter is ICSR
The results of the Data Evaluation Results of JST Model 2 (two) show R² and RMSE, the FDR (Fund Deposit Ratio) parameter shows the best performance with R² of 0.6402, not optimal but better than other parameters, RMSE 10.3349 which
 
vii


is sufficient high. The highest weight value in Model 2 (two) for the NPF Parameter is Gross Domestic Product, ROA Parameter is Gross Domestic Product, ROE Parameter is Gross Domestic Product, NIM Parameter is Exchange Rate, BOPO Parameter is Gross Domestic Product, FDR Parameter is Exchange Rate, The CAR parameter is the Indonesian Bank Wadiah Certificate .
The results of the data evaluation of the JST Model 3 (three) prediction results show that R² and RMSE, ROA (Return on Assets) and CAR (Capital Adequancy Ratio) parameters have the best model performance with high R² values of 0.7001 and 0, respectively. 7194, relatively low RMSE 2.1929 and 9.0351, is a model that is quite good at explaining variance and accurate in predictions. The highest weight value in Model 3 (three) for the NPF Parameter is Profit Sharing Ratio, ROA Parameter is Exchange Rate, ROE Parameter is Exchange Rate, NIM Parameter is GCG, BOPO Parameter is GCG, FDR Parameter is Profit Sharing Ratio, CAR Parameter is Exchange Rate.",,"Submitted by User Admin Repository IPB (master-repository@apps.ipb.ac.id) on 2024-08-07T03:18:50Z
No. of bitstreams: 0||Made available in DSpace on 2024-08-07T03:18:50Z (GMT). No. of bitstreams: 0
  Previous issue date: 2024",,"",,"http://repository.ipb.ac.id/handle/123456789/156422",,"id",,"IPB University",,"faktor internal||Jaringan Saraf Tiruan||internal factors||Artificial Neural Network||faktor eksternal||Kesehatan Bank||External Factors||Bank Health",,"Development of Artificial Neural Network Model for Predicting the Performance of Islamic Banking","Pengembangan Model Jaringan Saraf Tiruan Untuk Pendugaan Kinerja Perbankan Syariah",,"Disertasi",
"6748c4d4-813b-4e8c-bce9-574bd332970d","123456789/89","Shanti, Riris",,"RIRIS SHANTI. Kinerja Daya Saing, Efisiensi, Profitabilitas, dan Strategi
Transformasi Digital pada Bank dengan Model Bisnis Digital. Dibimbing oleh
HERMANTO SIREGAR, NIMMI ZULBAINARNI, dan TONY.
Transformasi digital yang masif, mendorong Indonesia menyusun Peta Jalan
Indonesia Digital 2021-2024 untuk mempercepat transformasi digital di Indonesia.
Terdapat 4 (empat) sektor strategis yang menjadi fokus utama kebijakan ini, yaitu
infrastruktur digital, pemerintahan digital, ekonomi digital dan masyarakat digital
(Kominfo 2020). Aktivitas ekonomi digital yang berkembang cepat menuntut
adanya digitalisasi perbankan. Menurut Otoritas Jasa Keuangan (OJK, 2021),
terdapat 3 (tiga) aspek utama yang mendorong digitalisasi perbankan di Indonesia,
yaitu peluang digital (digital opportunity), perilaku digital (digital behavior), dan
transaksi digital (digital transaction). Peluang digital timbul dari potensi
demografis penduduk serta potensi ekonomi dan keuangan digital yang besar.
Perilaku digital tercermin dari kepemilikan gawai dan penggunaan internet yang
masif. Transaksi digital ditandai dengan meningkatnya penggunaan aplikasi mobile
(mobile apps), transaksi e-commerce, transaksi digital banking, dan uang
elektronik, yang mendorong bank melakukan transformasi digital. Namun
demikian, dampak transformasi digital tidak langsung meningkatkan kinerja bank.
Penelitian ini bertujuan untuk menganalisis fenomena transformasi digital
pada bank-bank tradisional di Indonesia yang bertransformasi menjadi bank digital
dan dampaknya pada kinerja daya saing, efisiensi, dan profitabilitas setelah
transformasi digital; analisis transformasi digital sebagai determinan efisiensi, daya
saing, dan profitabilitas; waktu yang dibutuhkan dalam pencapaian kinerja
dimaksud, serta model strategi transformasi menjadi bank digital yang optimal.
Penelitian ini fokus pada tujuh bank yang bertransformasi menjadi bank dengan
model bisnis digital. Data yang digunakan adalah laporan keuangan bank kuartalan
yang diambil dari website Otoritas Jasa Keuangan (OJK) dan website masingmasing
bank, serta data pendukung lainnya dari website Bank Indonesia dan
website Biro Pusat Statistik. Selain itu terdapat data primer berupa informasi
responden atas kuesioner Analytical Hierarchy Process (AHP).
Penelitian ini menggunakan Herfindahl-Hirschman Index, Concentration
Ratio, dan Lerner Index untuk mengukur daya saing; Stochastic Frontier Analysis
untuk mengukur efisiensi; serta Panel ARDL untuk mengukur profitabilitas dan
transformasi digital sebagai salah satu determinan daya saing, efisiensi, dan
profitabilitas bank digital, serta menganalisis waktu yang dibutuhkan untuk
mencapai daya saing, efisiensi, dan profitabilitas. Untuk merumuskan strategi
transformasi digital yang optimal pada bank digital digunakan AHP.
Penelitian ini menemukan bahwa berdasarkan market share, terdapat shifting
daya saing antar bank setelah transformasi digital yang menunjukkan peningkatan
kompetisi dan terkonfirmasi dari analisis tren Concentration Ratio (CR) 3 (3 bank
yang menguasai > 50% pangsa pasar bank digital. Herfindahl-Hirschman Index
juga menunjukkan adanya peningkatan daya saing sehingga pasar bank digital
semakin kompetitif dan struktur pasar beralih dari monopolistik menuju ke arah
persaingan sempurna. Lerner Index juga menunjukkan daya saing bank setelah
transformasi digital meningkat, meskipun awalnya/saat bertransformasi mengalami
tekanan. Akselerasi peningkatan daya saing bank dipengaruhi oleh kolaborasi
v
dengan mitra platform sharing untuk membentuk ekosistem masing-masing bank
digital. Semakin besar mitra platform sharing untuk berkolaborasi menciptakan
value creation dan customer experience, akan semakin cepat peningkatan daya
saing, dan selanjutnya akan semakin cepat peningkatan customer base. Efisiensi
bank setelah transformasi digital juga meningkat dengan akselerasi peningkatan
efisiensi bergantung pada kompleksitas bank. Semakin kompleks suatu bank
(struktur kepemilikan dan organisasi, aktivitas bisnis, infrastruktur IT legacy),
maka proses transformasi semakin lama sehingga peningkatan efisiensi berjalan
lambat. Profitabilitas meningkat dengan adanya transformasi digital yang
ditunjukkan dengan U-shape relationship. Profitabilitas meningkat sejalan dengan
meningkatnya daya saing karena bertambahnya customer base akan semakin
meningkatkan skala ekonomis bank.
Penelitian ini menunjukkan kebaruan bahwa transformasi digital
meningkatkan daya saing, efisiensi, dan profitabilitas bank sehingga dapat
disimpulkan transformasi digital merupakan salah satu determinan efisiensi, daya
saing, dan profitabilitas selain modal, margin suku bunga, likuiditas, dan
pertumbuhan ekonomi. Hasil Panel ARDL menunjukkan adanya U-Shape
relationship antara transformasi digital dengan daya saing, efisiensi, dan
profitabilitas, yang mengindikasikan bahwa transformasi digital menyebabkan
penurunan daya saing, efisiensi, dan profitabilitas pada jangka pendek karena
besarnya biaya transformasi digital, namun pada jangka panjang transformasi
digital meningkatkan daya saing, efisiensi, dan profitabilitas bank. Akselerasi
pencapaian daya saing, profitabilitas, dan efisiensi setelah transformasi digital
dipengaruhi oleh kolaborasi dengan mitra platform sharing untuk membentuk
ekosistem digital dan kompleksitas bank.
Berdasarkan hasil AHP, diketahui bahwa tujuan utama transformasi digital
adalah untuk meningkatkan daya saing. Aktor utama strategi transformasi digital
adalah manajemen bank yang memiliki kemampuan dan kapasitas digital
leadership untuk menggerakkan transformasi. Fokus strategi adalah pada faktor
infrastruktur dan manajemen risiko teknologi digital, value creation dan kolaborasi
dengan mitra untuk meningkatkan daya saing dan memperluas ekosistem digital,
dan kapabilitas keuangan untuk membiayai transformasi digital. Fokus berikutnya
adalah kapabilitas SDM dan kelembagaan pendukung proses transformasi digital.
Bank harus memiliki modal/kapabilitas finansial yang memadai dalam
melakukan transformasi digital karena biaya transformasi yang besar dan dampak
positif transformasi digital pada kinerja keuangan bank dicapai dalam jangka
panjang. Dalam jangka pendek, transformasi digital cenderung menekan kinerja
bank. Manajemen bank merupakan aktor yang paling berperan sehingga digital
leadership sangat diperlukan dalam menggerakkan transformasi digital. Faktor
utama yang menjadi fokus strategi transformasi digital adalah infrastruktur
teknologi dan manajemen risiko IT serta value creation dan kolaborasi dengan
platform sharing dan outsourcing untuk menghasilkan produk dan layanan yang
relevan. Di sisi otoritas, regulator perlu terus mendorong transformasi digital
perbankan, terutama transformasi digital bank-bank kecil yang kurang efisien untuk
menjadi bank dengan model bisnis digital yang efisien.",,,"Submitted by User Admin Repository IPB (master-repository@apps.ipb.ac.id) on 2024-08-03T04:27:16Z
No. of bitstreams: 0||Made available in DSpace on 2024-08-03T04:27:16Z (GMT). No. of bitstreams: 0
  Previous issue date: 2024","",,"http://repository.ipb.ac.id/handle/123456789/155508",,"id",,,"IPB University",,"Bank Digital||daya saing||Efisiensi||profitabilitas||Transformasi digital","",,"Kinerja Daya Saing, Efisiensi, Profitabilitas, dan Strategi Transformasi Digital pada Bank dengan Model Bisnis Digital","Disertasi",,
"72cb0ebb-5979-4d71-a21a-1496d93203a3","123456789/89",,"Setiabudi, Ahmat",,"Dari beberapa laporan dari BPS perusahaan makanan cepat saji di Indonesia terlihat pertumbuhan pendapatan perusahaan makanan cepat saji (fast foods) yang meningkat hingga 12,1% per tahun. Pertumbuhan dialami baik perusahaan makanan cepat saji lokal maupun internasional. Terdapat ratusan merek lokal yang ada saat ini dan bertumbuh setiap tahun. Dalam rangka menjaga pertumbuhan dan kinerja organisasi dibutuhkan perhatian yang tinggi agar tercapai kepuasan konsumen. Kinerja organisasi dan kepuasan konsumen salah satu faktornya bergantung pada kinerja karyawan. Kinerja karyawan akan menentukan kinerja perusahaan makanan cepat saji secara umum. Kinerja sebuah perusahaan makanan cepat saji dihasilkan oleh kinerja karyawan di dalamnya. Kinerja karyawan perusahaan menentukan baik tidaknya kinerja perusahaan secara umum. Kinerja karyawan memiliki peranan yang sangat penting, untuk memastikan konsumen puas terhadap layanan yang diberikan oleh perusahaan. Karyawan juga mempunyai peran penting dalam memastikan kebijakan yang telah dirancang dari level top manajemen turun sampai ke level dibawahnya seperti level manajer, dan seterusnya, benar-benar terimplementasi dengan baik di level operasional.
Strategi peningkatan kinerja karyawan di dalam perusahaan makanan cepat saji adalah suatu kebutuhan yang semua perusahaan makanan cepat saji lokal diperlukan saat ini, dimana proses peningkatan kinerja perlu dilakukan pada berbagai aspek di dalam perusahaan seperti: peningkatan kualitas produk, pelayanan pelanggan, sistem persediaan, sistem peningkatan penjualan, sistem pelaporan penjualan, pengelolaan kinerja tenaga karyawan, pengelolaan promosi jabatan dan beberapa aspek lainnya. Manajemen selalu dituntut untuk melakukan perubahan berarti secara terus menerus, melakukan dengan cara atau metode yang berbeda dari sebelumnya, yang dinilai kurang efektif. Merubahnya menjadi lebih efektif namun tetap efisien pada saat yang bersamaan, akan mampu memastikan peningkatan kinerja karyawan.
Dari beberapa penelitian sebelumnya didapatkan beberapa aspek yang dijadikan topik dalam peningkatkan kinerja karyawan yakni: Etika Kerja Islami (Islamic Work Ethic/IWE), Organizational Citizenship Behaviour (OCB), Komitmen Organisasi (KO), Knowledge Sharing Behaviour (KSB), Psychological Ownership (PSY), dan Perceived Organizational Justice (POJ). Etika kerja islami menjadi penting dalam kontek peningkatan kinerja karyawan karena mayoritas karyawan dan penduduk Indonesia beragama Islam. Berdasarkan latar belakang tersebut, tujuan penelitian ini adalah menganalisis pengaruh etika kerja islami (Islamic Work Ethic/IWE), Organizational Citizenship Behaviour (OCB), Komitmen Organisasi (KO), Knowledge Sharing Behaviour (KSB), Psychological Ownership (PSY), dan Perceived Organizational Justice (POJ) terhadap kinerja karyawan (EP) pada perusahaan makanan cepat saji lokal.; Menyusun prioritas strategi yang tepat dalam peningkatan kinerja karyawan perusahaan makanan cepat saji lokal; dan mengembangkan scenario planning peningkatan kinerja karyawan berbasis IWE pada perusahaan makanan cepat saji lokal.
v
Tahap pertama yang dilakukan adalah mendistribusikan kuesioner secara online, 132 kuesioner valid dikumpulkan dari semua level karyawan dari 5 perusahaan makanan cepat saji lokal di Indonesia dalam waktu Januari sampai dengan Desember 2023. Hal ini dilakukan untuk benar-benar mendapatkan gambaran yang lebih menyeluruh tentang situasi karyawan perusahaan makanan cepat saji lokal di Indonesia pada saat ini. Kemudian pengambilan data dilakukan dengan mewawancarai 8 pakar dari perusahaan makanan cepat saji lokal, pakar SDM, pemimpin perusahaan makanan cepat saji lokal agar bisa memberikan masukan terhadap model strategi peningkatan kinerja karyawan. Data-data tersebut kemudian dilakukan perhitungan, pengolahan dan analisa secara bertahap dengan menggunakan metode analisa deskriptif, Partial Least Square Structural Equation Modeling (PLS-SEM), Analytical Hierarchy Process (AHP) kemudian dilanjutkan dengan metode Scenario Planning.
Penelitian ini pada akhirnya mampu menghasilkan beberapa kesimpulan yakni; (1) Etika Kerja Islami (Islamic Work Ethic), KSB (Knowledge Sharing Behavior), POJ (Perceived Organizational Justice) mempengaruhi secara positif dan signifikan terhadap kinerja karyawan ; (2) bahwa sasaran utama dalam peningkatan kinerja karyawan adalan peningkatan keuntungan perusahaan, faktor yang harus dijadikan prioritas adalah etika kerja Islami (Islamic Work Ethic), dimana yang menjadi aktor utamanya adalah direktur (Director), Peningkatan kesejahteraan karyawan sebagai alternatif utama strategi yang harus diambil untuk memastikan kesuksesan sebuah peningkatan kinerja karyawan; (3) skenario perusahaan dengan meningkatkan etika kerja Islami, dan knowledge sharing behaviour, menjadi scenario yang diharapkan untuk terjadi, dimana perusahaan makanan cepat saji lokal harus memiliki dukungan direktur dan tim HRD yang tinggi untuk meningkatkan kinerja karyawan. Dari skenario-skenario tersebut dikembangkan strategi peningkatan kinerja diharapkan karyawan sebagai panduan bagi perusahaan untuk mengawal sebuah proses peningkatan kinerja karyawan, pada keempat skenario yang dimunculkan.",,"Submitted by User Admin Repository IPB (master-repository@apps.ipb.ac.id) on 2024-08-10T07:21:39Z
No. of bitstreams: 0||Made available in DSpace on 2024-08-10T07:21:39Z (GMT). No. of bitstreams: 0
  Previous issue date: 2024",,"",,"http://repository.ipb.ac.id/handle/123456789/157059",,"id",,"IPB University",,"Employee Performance||Islamic Work Ethic||Knowledge Sharing Behaviour||Perceived Organizational Justice",,"Strategies for Improving Employee Performance Based on Islamic Work Ethic in Local Fast Food Companies","Strategi Peningkatan Kinerja Karyawan Berbasis Islamic Work Ethic pada Perusahaan Makanan Cepat Saji Lokal",,"Disertasi",
"776be57a-91cc-44f6-a439-1e7c7252b1dc","123456789/89",,"Istriningsih",,"Biopestisida masih menghadapi sejumlah tantangan dalam
pengembangannya di Indonesia, terutama rendahnya tingkat penggunaan dan
pangsa pasarnya yang masih terbatas. Oleh karena itu, penelitian ini dilakukan
untuk memahami minat petani untuk menggunakan produk biopestisida komersial.
Tujuan penelitian ini adalah untuk mengidentifikasi minat petani padi dalam
menggunakan produk biopestisida komersial, menganalisis variabel-variabel yang
memengaruhi minat tersebut, menganalisis peran variabel keinovatifan petani
sebagai variabel intervening terhadap hubungan antara variabel-variabel tersebut
dan minat pada kelompok petani dengan tingkat keinovatifan rendah dan tinggi,
membangun model struktural minat petani padi, dan menyusun rekomendasi
strategi untuk meningkatkan minat petani padi terhadap penggunaan produk
biopestisida komersial.
Penelitian ini menggunakan model Unified Theory of Acceptance and Use of
Technology 2 (UTAUT2) yang diperluas (extended UTAUT2) dengan
mengintegrasikan variabel-variabel yang relevan ke dalam model, yaitu variabel
kinerja yang diharapkan (performance expectancy), usaha yang diharapkan (effort
expectancy), pengaruh sosial (social influence), kondisi yang memfasilitasi
(facilitating condition), nilai harga (price value), kebutuhan yang dirasakan
(perceived need), sosialisasi informasi (information publicity), dan pemasaran
produk beras bebas residu. Selain itu juga, penelitian ini juga melibatkan variabel
keinovatifan petani yang berperan sebagai variabel intervening terhadap hubungan
antara variabel-variabel tersebut dan minat penggunaan biopestisida pada
kelompok petani dengan tingkat keinovatifan petani rendah dan tinggi.
Model extended UTAUT2 ini, yang diaplikasikan dalam konteks produk
biopestisida komersial dan petani padi yang bukan pengguna biopestisida, terbukti
efektif meningkatkan daya prediksi model sebesar 86% atau lebih tinggi dari model
UTAUT2 original (74%). Data untuk penelitian ini dikumpulkan melalui survei
terhadap 400 petani padi di Kabupaten Bogor dengan menggunakan teknik
purposive sampling. Analisis data dilakukan menggunakan Structural Equation
Modeling (SEM) dengan bantuan software Lineal Structural Relationship
(LISREL) versi 8.72. Untuk menguji variabel keinovatifan petani sebagai variabel
intervening digunakan multi-group analysis.
Hasil analisis menunjukkan bahwa variabel kebutuhan yang dirasakan
memiliki pengaruh positif dan signifikan paling kuat terhadap minat. Selain itu,
variabel lain seperti usaha yang diharapkan, nilai harga, dan pemasaran produk
beras bebas residu juga memiliki pengaruh positif dan signifikan. Hal ini
menunjukkan bahwa minat petani menggunakan biopestisida dipengaruhi oleh
kemampuan produk tersebut untuk memenuhi kebutuhan petani dalam
mengendalikan hama dan penyakit secara ramah lingkungan serta kemampuannya
menghasilkan beras bebas residu. Di samping itu, faktor kemudahan penggunaan
(user friendly), harga biopestisida yang terjangkau, dan kemudahan pemasaran
v
produk beras bebas residu yang dihargai lebih tinggi juga memengaruhi minat
petani.
Variabel keinovatifan petani terbukti berpengaruh terhadap hubungan antara
variabel kinerja yang diharapkan, pengaruh sosial, nilai harga, kebutuhan yang
dirasakan, sosialisasi informasi, dan pemasaran produk beras bebas residu dengan
variabel minat pada kelompok tani dengan tingkat keinovatifan rendah dan tinggi.
Dengan demikian, terdapat perbedaan besarnya pengaruh dari variabel-variabel
tersebut terhadap minat pada dua kelompok petani. Hal ini menunjukkan bahwa
diperlukan strategi yang berbeda untuk meningkatkan minat kedua kelompok
petani terhadap penggunaan biopestisida.
Strategi yang disarankan bagi pemasar untuk kelompok petani dengan
tingkat keinovatifan rendah yaitu, pertama, membangkitkan kebutuhan akan
biopestisida dengan menyediakan informasi visual yang efektif untuk
menumbuhkan kesadaran petani mengenai kinerja dan kemudahan penggunaannya.
Kedua, menggunakan pendekatan peer-to-peer sangat disarankan karena petani
lebih cenderung mempercayai informasi dan pengalaman dari sesama petani.
Ketiga, menetapkan strategi harga yang terjangkau sangat penting agar produk ini
dapat dipertimbangkan oleh petani, yang umumnya mengalami keterbatasan
sumber daya finansial, sehingga produk tersebut dapat diakses oleh kelompok
petani tersebut. Untuk petani dengan tingkat keinovatifan tinggi, strategi yang
disarankan bagi pemasar meliputi, pertama, menyiapkan pusat informasi yang
terpercaya dan mudah diakses, sehingga dapat membangkitkan kebutuhan petani
terhadap biopestisida. Kedua, mendorong petani untuk mengujicoba biopestisida di
lahan mereka sendiri dapat membantu mereka memperoleh pengalaman langsung
tentang kinerja biopestisida dan kemudahan penggunaannya. Ketiga, memastikan
kemudahan dalam membeli produk, baik di kios maupun secara online, untuk
mempermudah akses bagi petani.
Strategi yang disarankan bagi pemerintah yaitu melakukan edukasi yang
berkelanjutan terhadap penggunaan biopestisida, mendorong penyediaan
biopestisida dengan harga terjangkau, mendorong kemitraan antara petani dan
pihak off-taker, serta mengedukasi masyarakat untuk mengonsumsi produk
pertanian ramah lingkungan. Langkah-langkah ini akan membantu membangun
kesadaran petani, memastikan pasar, dan meningkatkan pendapatan petani melalui
keberhasilan pemasaran produk beras bebas residu.
Model yang digunakan dalam penelitian ini memberikan kontribusi
terhadap teori dan keilmuan dengan mengembangkan dan memvalidasi model
extended UTAUT2. Dengan memperluas UTAUT2, penelitian ini menambahkan
variabel-variabel yang relevan, khususnya dalam konteks adopsi biopestisida oleh
petani padi. Penelitian ini juga menunjukkan bagaimana sifat keinovatifan petani
memengaruhi penerimaan teknologi. Dengan menggunakan kerangka extended
UTAUT2, penelitian ini tidak hanya meningkatkan pemahaman tentang faktor yang
memengaruhi adopsi teknologi di kalangan petani, tetapi juga menunjukkan
fleksibilitas dan relevansi UTAUT2 dengan berbagai konteks, termasuk sektor
pertanian, dengan melakukan penyesuaian variabel sesuai dengan kebutuhan
konteks tersebut.",,"Submitted by User Admin Repository IPB (master-repository@apps.ipb.ac.id) on 2024-08-03T04:28:09Z
No. of bitstreams: 0||Made available in DSpace on 2024-08-03T04:28:09Z (GMT). No. of bitstreams: 0
  Previous issue date: 2024",,"",,"http://repository.ipb.ac.id/handle/123456789/155509",,"id",,"IPB University",,"Keinovatifan Petani||Minat||Petani Padi||Produk Biopestisida Komersial||UTAUT2",,"","Model Minat Petani Padi Dalam Menggunakan Produk Biopestisida Komersial (Kasus Di Kabupaten Bogor, Jawa Barat)",,"Disertasi",
"97cd3f58-619b-4adb-873d-014323fb9e34","123456789/89",,"Nugraha, Adhitya",,"Saat ini, sebagian besar janji perusahaan dan pemerintah berfokus pada tahun
pencapaian net zero, namun kurang perhatian dalam hal betapa pentingnya
emissions pathway dalam menentukan hasil iklim dalam jangka pendek maupun
jangka panjang. Beberapa lembaga di Indonesia telah merilis beberapa roadmap
dekarbonisasi, namun dengan target tidak konsisten yang dapat menjadi
permasalahan di masa yang akan datang. Berdasarkan hal tersebut, tujuan pada
penelitian ini untuk mengidentifikasi faktor yang berpengaruh terhadap tingkat Net
Zero Emission (NZE), menilai posisi dan karakteristik Indonesia terhadap negara di
dunia terkait strategi NZE, menganalisis strategi perusahaan energi di dunia terkait
NZE, dan melakukan sintesis rancang bangun NZE Indonesia. Metode yang
digunakan dalam analisis ini adalah analisis deskriptif, klaster, stepwise regression,
dan non-parametrik dengan menggunakan data pada level negara dan perusahaan.
Hasil analisis klaster menunjukkan bahwa negara-negara mempunyai
beberapa klaster yang berbeda secara signifikan. Terdapat enam klaster yang
terbentuk yaitu Renewable Pioneer, Transport Emission Leader, Fuel Economy
Frontiers, Demand Surge, Policy and Price Innovators, dan Emerging
Transitioners.
Secara data historis, hubungan antara GDP per kapita dan emisi CO2 per
kapita Indonesia menunjukkan trend yang meningkat dan sejalan. Adapun secara
proyeksi, hubungan ini memungkinkan mengikuti hipotesis Environmental Kuznets
Curve (EKC) dengan kurva U terbalik yaitu kenaikan GDP per kapita akan diikuti
oleh emisi CO2 per kapita hingga pada titik balik GDP per kapita 12.440 US$,
kemudian emisi CO2 per kapita berpotensi menurun seiring dengan kenaikan GDP
perkapita. Hasil analisis juga menunjukkan bahwa memungkinkan mengikuti kurva
N dengan tambahan variabel konsumsi fossil fuel dan energi rendah karbon sebagai
faktor yang berpengaruh terhadap tingkat NZE.
Sebagian besar perusahaan yang menetapkan target net zero secara
independen, 90% diantaranya merupakan perusahaan internasional, dan 10%
merupakan perusahaan nasional. Pengujian menunjukkan jenis perusahaan
kelompok internasional dan nasional berbeda dalam hal penentuan tahun target.
Implikasi manajerial pada sisi negara, dalam hal melakukan navigasi
kompleksitas transisi net-zero, sebaiknya terdapat lembaga / badan yang
mempunyai wewenang lebih kuat, bahkan dapat bertanggung jawab langsung
kepada Presiden yang melibatkan kementerian dan instansi terkait seperti BUMN,
swasta, serta masyarakat. Pada sisi perusahaan, perusahaan nasional menghadapi
tantangan yang berbeda dengan perusahaan internasional, namun terdapat
pergeseran strategi perusahaan dari semula divergen menjadi cenderung lebih
konvergen yang sudah mulai memiliki kesamaan diakibatkan oleh perang.||Currently, most corporate and government commitments focus on the year of
achieving net zero, but there is insufficient attention to the importance of emissions
pathways in determining climate outcomes in the short and long term. Several
institutions in Indonesia have released decarbonization roadmaps, but their targets
are inconsistent. Based on this, the objectives of this research are to identify the
factors that influence the level of Net Zero Emission (NZE), assess Indonesia's
position and characteristics in comparison to other countries regarding NZE
strategies, analyze the strategies of energy companies worldwide related to NZE,
and synthesize the design of Indonesia's NZE blueprint. The methods used in this
analysis are descriptive, cluster, stepwise regression and non-parametric analysis
using data at the country and company level.
The cluster analysis results indicate that countries form significantly different
clusters. Six distinct clusters were identified: Renewable Pioneers, Transport
Emission Leaders, Fuel Economy Frontiers, Demand Surge, Policy and Price
Innovators, and Emerging Transitioners.
Historically, the relationship between GDP per capita and CO2 emissions per
capita Indonesia shows an increasing and consistent trend. Projections suggest that
this relationship could follow the Environmental Kuznets Curve (EKC) hypothesis
with an inverted U-curve, where an increase in GDP per capita is followed by an
increase in CO2 emissions per capita until a turning point at a GDP per capita of
$12,440, after which CO2 emissions per capita potentially decrease as GDP per
capita continues to rise. The analysis also indicates that this relationship could
follow an N-curve when considering additional variables such as fossil fuel
consumption and low-carbon energy as factors influencing NZE levels.
A significant majority of companies set net zero targets independently, with
90% being international companies and 10% being national companies. Tests show
that there is a significant difference between international and national companies
in terms of setting target years.
Managerial implications on the national level, navigating the complexities of
the net-zero transition would benefit from an authority or body, possibly reporting
directly to the President, involving relevant ministries, state-owned enterprises,
private sectors, and the public. For companies, national firms face different
challenges compared to international ones, but there is a strategic shift from
divergence to convergence, driven by external factors such as war, leading to more
similarities in their strategies.",,"Submitted by User Admin Repository IPB (master-repository@apps.ipb.ac.id) on 2024-07-26T06:34:56Z
No. of bitstreams: 0||Made available in DSpace on 2024-07-26T06:34:56Z (GMT). No. of bitstreams: 0
  Previous issue date: 2024",,"",,"http://repository.ipb.ac.id/handle/123456789/154875",,"id",,"IPB University",,"Energi||net zero emission||Environmental Kuznets Curve",,"Indonesian Net Zero Emission Design and Energy
Company Business Strategy","Rancang Bangun Net Zero Emission Indonesia dan Strategi Bisnis Perusahaan Energi",,"Disertasi",
"aaa9bbfd-7fd7-4f00-b4a3-dea1f7e860cc","123456789/89","Subowo, Eko",,,,"Investasi swasta merupakan bagian sumber pembiayaan pembangunan yang penting di tengah keterbatasan Anggaran Pendapatan dan Belanja Negara (APBN). Target pemerintah saat ini adalah membangun kemudahan berusaha dan iklim investasi di Daerah. Indonesia saat ini berada pada peringkat 73 dalam ease of doing business berdasarkan indeks World Bank Group tahun 2019. Kondisi tersebut jauh di bawah negara tetangga Singapura, Malaysia, dan Thailand. Berbagai upaya membangun iklim berusaha telah dilakukan, salah satunya melalui perbaikan pelayanan perizinan. Perizinan diartikan sebagai kewenangan pemerintah yang diberikan kepada individu/kelompok yang akan melaksanakan kegiatan tertentu sebagai bagian dari proses pengawasan dan pengendalian dalam mekanisme administrasi. Hal ini menunjukkan bahwa pemerintah memegang peranan penting dalam menciptakan sistem perizinan yang secara administrasi dapat mendukung perkembangan iklim berusaha, dan sekaligus dalam rangka mewujudkan good governance dalam sektor pelayanan publik. Penelitian ini dilakukan dengan tujuan untuk (1) menganalisis situasi organisasi dan pelaksanaan perizinan investasi saat ini; (2) menganalisis peta regulasi dan implementasinya terhadap perizinan investasi; (3) mengembangkan model konseptual perizinan investasi terintegrasi; dan (4) merancang strategi penerapan model perizinan investasi terintegrasi. Metode yang digunakan dalam penelitian ini adalah Analisis Situasional, Regulatory Mapping, Soft System Methodology (SSM), Regulatory Impact Analysis (RIA) dan Analytical Hierarchy Process (AHP). Hasil penelitian yang diperoleh dari 230 sampel DPMPTSP seluruh Indonesia dan responden pakar melalui penyebaran kuesioner, Focus Group Discussion (FGD), dan in-depth interview diketahui bahwa pelayanan perizinan masih jauh dari kondisi ideal, sebagaimana diharapkan pemerintah. Pembentukan Dinas Penanaman Modal Pelayanan Terpadu Satu Pintu (DPMPTSP) belum sepenuhnya mampu memperkuat hubungan antara pelayanan perizinan dan peningkatan penanaman modal/investasi. Berdasarkan data pokok Kementerian Dalam Negeri Tahun 2018 diketahui bahwa baru 79.70% Kepala Daerah yang telah mendelegasikan seluruh kewenangan perizinan dan nonperizinan secara penuh kepada DPMPTSP sebagaimana ditentukan. Memperhatikan sisi nomenklaturnya, 70% daerah telah membentuk nomenklatur DPMPTSP sesuai Permendagri Nomor 138 Tahun 2017. Dilihat dari tipe struktur organisasi DPMPTSP ditemukan bahwa 32.17% Tipe A, 35.78% Tipe B, 25.22% Tipe C dan 7.83% lainnya. Sentralisasi kewenangan Kepala Daerah atas beberapa jenis izin menghambat proses pelayanan DPMPTSP. Kewenangan beberapa jenis perizinan yang bersifat sektoral juga masih belum diserahkan kepada DPMPTSP, sebagian masih dipegang oleh Kepala Daerah dan Dinas Teknis. Permasalahan pendelegasian kewenangan oleh Kepala Daerah menjadikan peran DPMPTSP belum optimal menjalankan fungsinya sebagai One Stop Service.
Ekspektasi pelayanan perizinan yang mudah bagi pelaku usaha juga belum terpenuhi. Permasalahan mekanisme yang berbelit-belit, sistem aplikasi elektronik yang belum optimal, sarana prasarana yang tidak memadai, dan sumber daya manusia yang kurang baik dari segi jumlah (kuantitatif) maupun mutu (kualitatif) menjadi masalah yang masih ditemui pelaku usaha. Dalam penyelenggaraan proses pelayanan perizinan saat ini DPMPTSP masih banyak tergantung kepada Dinas Teknis terkait penerbitan rekomendasi teknis. Penempatan tim teknis dari Dinas Teknis ke DPMPTSP kondisinya saat ini 45.91% tidak bertempat dan tidak berkantor di DPMPTSP, melainkan masih berkantor di Dinas Teknis masing-masing.Berdasarkan hasil Regulatory Mapping diketahui bahwa terdapat 12 Undang-Undang, 4 Peraturan Pemerintah, 4 Peraturan Presiden, 26 Peraturan Menteri/Kepala Lembaga yang mengatur pelayanan perizinan di Indonesia. Analisis pemetaan regulasi menghasilkan temuan permasalahan baik pada peraturan di tingkat pusat maupun daerah yaitu: (1) regulasi yang tumpang tindih dan bertabrakan; (2) perizinan belum memiliki Norma, Standar, Prosedur, Kriteria (NSPK); (3) NSPK tidak sesuai dengan prinsip integrasi; (4) Peraturan Daerah belum menyesuaikan dengan NSPK atau peraturan pusat, terutama mengenai kelembagaan pelayanan perizinan. Hasil analisis di atas kemudian diolah melalui 6 tahapan Soft System Methodology (SSM), menghasilkan model konseptual yang meliputi (1) evaluasi regulasi; (2) perbaikan mekanisme pelayanan; dan (3) peningkatan kualitas Sumber Daya Manusia (SDM). Model yang dibangun menguraikan keterkaitan antar variabel, aktor, faktor dan langkah-langkahnya; serta sekaligus menggambarkannya secara diagramatis dalam bentuk dekomposisi tiga submodel maupun dalam bentuk satu model menyeluruh secara terintegrasi. Dalam upaya merancang strategi penerapan model perizinan investasi terintegrasi dilakukan melalui Analytical Hierarchy Process (AHP). Hasil AHP menunjukkan bahwa dari ketiga sub model konseptual diketahui bahwa prioritas pertama adalah evaluasi regulasi dengan nilai bobot 0.539; prioritas kedua adalah perbaikan mekanisme pelayanan dengan nilai bobot 0.244; dan prioritas ketiga adalah peningkatkan kualitas SDM dengan nilai bobot 0.217. Strategi penerapan model pada sub model evaluasi regulasi mengarah pada perlunya penyusunan format (template) NSPK dan penerbitan omnibus law berupa Peraturan Pemerintah Pengganti Undang-Undang (Perppu). Strategi penerapan model pada sub model perbaikan mekanisme pelayanan dilakukan melalui penguatan kelembagaan dan perbaikan sistem Online Single Submission (OSS). Strategi untuk sub model peningkatan kualitas SDM dilakukan dengan peningkatan kompetensi SDM operasional melalui pendidikan dan pelatihan serta perbaikan pola mutasi dan promosi personil, sedangkan SDM Kepala Daerah (pengambil keputusan) melalui mekanisme pembinaan dan pengawasan serta bimbingan teknis. Disamping itu, diperlukan juga affirmative policy berupa talent pooling dan pemenuhan persyaratan jabatan secara sistematis. Hasil validasi model menunjukkan bahwa model pelayanan perizinan investasi terintegrasi dapat diimplementasikan. Kata","Submitted by Didin Mulyadi (didinmu@ipb.ac.id) on 2020-01-27T07:10:58Z
No. of bitstreams: 1
2019esu.pdf: 5087775 bytes, checksum: 860ae3b9fe51de603f89ebd5a2c69283 (MD5)||Made available in DSpace on 2020-01-27T07:10:59Z (GMT). No. of bitstreams: 1
2019esu.pdf: 5087775 bytes, checksum: 860ae3b9fe51de603f89ebd5a2c69283 (MD5)
  Previous issue date: 2019",,,"http://repository.ipb.ac.id/handle/123456789/101364",,,,"id","IPB University","Sociology||Social change||2018||Indonesia","analytical hierarchy process (AHP)||investasi||pelayanan perizinan||soft system methodology (SSM)",,,"Rancang Bangun Model Pelayanan Perizinan Investasi Terintegrasi.",,,"Dissertation"
"cc0c81ac-a751-4de7-9821-9057841383a9","123456789/89","Dummy, Mahasiswa",,"a",,,"Submitted by User Admin Repository IPB (master-repository@apps.ipb.ac.id) on 2024-07-09T07:18:49Z
No. of bitstreams: 0||Made available in DSpace on 2024-07-09T07:18:49Z (GMT). No. of bitstreams: 0
  Previous issue date: 2020","",,"http://repository.ipb.ac.id/handle/123456789/153288",,"id",,,"IPB University",,"keyword yang buat test","Research on the Growth of Plant X in Case Study XYZ",,"Penelitian Pertumbuan Tanaman X pada Studi Kasus XYZ","Skripsi",,
